{
  "model": "alexnet_tiny.onnx",
  "iters": 50,
  "warmup": 3,
  "mean_us": 288,
  "median_us": 285,
  "p95_us": 293,
  "p99_us": 372,
  "min_us": 278,
  "max_us": 422,
  "stddev_us": 20.076862304653087,
  "cv_pct": 6.97113274467121,
  "arena_kb": 0,
  "params": 0,
  "status": "OK",
  "latencies_us": [
    284,
    283,
    290,
    283,
    280,
    281,
    278,
    279,
    279,
    282,
    279,
    288,
    290,
    289,
    281,
    281,
    288,
    284,
    285,
    290,
    289,
    288,
    285,
    286,
    288,
    286,
    285,
    286,
    280,
    283,
    287,
    290,
    286,
    285,
    286,
    282,
    288,
    282,
    282,
    286,
    286,
    282,
    422,
    320,
    296,
    286,
    281,
    283,
    285,
    282
  ]
}