{
  "model": "conv_bn_net.onnx",
  "iters": 50,
  "warmup": 3,
  "mean_us": 157,
  "median_us": 154,
  "p95_us": 168,
  "p99_us": 199,
  "min_us": 152,
  "max_us": 222,
  "stddev_us": 10.368432861334446,
  "cv_pct": 6.604097363907291,
  "arena_kb": 0,
  "params": 0,
  "status": "OK",
  "latencies_us": [
    157,
    154,
    154,
    157,
    154,
    154,
    156,
    157,
    157,
    153,
    153,
    154,
    154,
    154,
    155,
    156,
    161,
    157,
    157,
    154,
    153,
    153,
    153,
    153,
    153,
    153,
    153,
    153,
    157,
    158,
    159,
    161,
    222,
    167,
    169,
    167,
    176,
    159,
    156,
    154,
    153,
    153,
    153,
    153,
    153,
    154,
    152,
    153,
    153,
    153
  ]
}