{
  "model": "mnist_mlp.onnx",
  "iters": 50,
  "warmup": 3,
  "mean_us": 8,
  "median_us": 8,
  "p95_us": 9,
  "p99_us": 9,
  "min_us": 8,
  "max_us": 9,
  "stddev_us": 0.41424630354415964,
  "cv_pct": 5.178078794301996,
  "arena_kb": 0,
  "params": 0,
  "status": "OK",
  "latencies_us": [
    9,
    9,
    8,
    9,
    9,
    9,
    9,
    9,
    8,
    9,
    8,
    9,
    9,
    8,
    9,
    8,
    8,
    8,
    8,
    8,
    8,
    8,
    8,
    8,
    8,
    8,
    8,
    8,
    8,
    8,
    8,
    8,
    8,
    8,
    8,
    8,
    8,
    8,
    8,
    8,
    8,
    8,
    8,
    8,
    8,
    8,
    8,
    8,
    8,
    8
  ]
}