{
  "model": "mnist",
  "os": "debian",
  "runs": 50,
  "warmup": 1,
  "latencies_ms": [
    9.888766000017313,
    9.104696000008516,
    8.937435000007099,
    8.997722000003705,
    8.89255500010222,
    8.7439330000052,
    9.067255999980262,
    9.080441000037354,
    9.037737999960882,
    8.777741000017159,
    8.886490999998387,
    8.669438000083574,
    9.063497000056486,
    8.877611000002616,
    8.876618999920538,
    8.747580999965976,
    9.022521000019879,
    8.913387000006878,
    9.125671999981932,
    9.090681000088807,
    9.393797000029735,
    9.082008999939717,
    9.102711999958046,
    9.175446999961423,
    8.692572999962067,
    8.88458700001138,
    8.865900000046167,
    9.028344999933324,
    9.158456000022852,
    8.992938000005779,
    9.103096999979243,
    8.94570700006625,
    8.913387999996303,
    8.716989999925318,
    9.06604099998276,
    8.744204999970862,
    9.331974000019727,
    9.339557999965109,
    9.163143999899148,
    9.375989000091067,
    9.351893000030032,
    10.147931000005883,
    9.094280999988769,
    8.971642000005886,
    8.908539000003657,
    9.31818200001544,
    9.714479999956893,
    8.837195999944925,
    8.9543629999298,
    8.826219999946261
  ],
  "peak_rss_kb": 48700,
  "model_load_ms": 453.14904899998965
}
