{
  "model": "mnist",
  "os": "ubuntu",
  "runs": 50,
  "warmup": 5,
  "latencies_ms": [
    8.496665000052417,
    8.624524999959249,
    8.584295999980895,
    8.378010000001268,
    8.454130000018267,
    8.903442000018913,
    8.378505999985464,
    8.822470999916732,
    8.545491000063521,
    8.279573999971035,
    8.512049999922056,
    8.361825000065437,
    8.626253999977962,
    8.383821000052194,
    8.388287999991917,
    8.210480999991887,
    8.17918399991413,
    8.146206000105849,
    8.273794999922757,
    8.316713999988679,
    8.328559000005953,
    8.226841999999124,
    8.40447200005201,
    8.256233999986762,
    8.524216000068918,
    8.201580999980251,
    8.2884109999668,
    8.132359000001088,
    8.215940000013688,
    8.598511999934999,
    9.000485999990815,
    9.46202699992682,
    8.997716000067157,
    8.664914999940265,
    8.802667999930236,
    8.752304999916305,
    8.714556999962042,
    8.413596999957917,
    9.293088999925203,
    8.587960999989264,
    8.401798000022609,
    8.49442399999134,
    8.480048000023999,
    8.25016599992523,
    8.806205999917438,
    8.93747500003883,
    9.144721999973626,
    8.815491000063957,
    8.535661999985678,
    8.657471000105943
  ],
  "peak_rss_kb": 46824,
  "model_load_ms": 485.6542340000942
}