{
  "model": "mobilenet_tiny.onnx",
  "iters": 50,
  "warmup": 3,
  "mean_us": 104,
  "median_us": 104,
  "p95_us": 107,
  "p99_us": 108,
  "min_us": 103,
  "max_us": 108,
  "stddev_us": 1.284523257866513,
  "cv_pct": 1.2351185171793393,
  "arena_kb": 0,
  "params": 0,
  "status": "OK",
  "latencies_us": [
    107,
    107,
    104,
    104,
    104,
    104,
    104,
    104,
    104,
    104,
    104,
    104,
    104,
    104,
    104,
    104,
    103,
    104,
    104,
    104,
    104,
    103,
    104,
    104,
    104,
    104,
    104,
    104,
    104,
    104,
    104,
    104,
    104,
    108,
    106,
    107,
    107,
    106,
    104,
    104,
    104,
    104,
    107,
    106,
    106,
    106,
    106,
    104,
    108,
    106
  ]
}