{
  "model": "resnet_micro.onnx",
  "iters": 50,
  "warmup": 3,
  "mean_us": 103,
  "median_us": 103,
  "p95_us": 106,
  "p99_us": 107,
  "min_us": 100,
  "max_us": 107,
  "stddev_us": 2.06881608655772,
  "cv_pct": 2.0085593073375922,
  "arena_kb": 0,
  "params": 0,
  "status": "OK",
  "latencies_us": [
    104,
    104,
    103,
    105,
    107,
    106,
    107,
    106,
    106,
    107,
    106,
    106,
    106,
    105,
    104,
    103,
    102,
    101,
    101,
    101,
    101,
    101,
    101,
    100,
    101,
    101,
    100,
    101,
    101,
    103,
    103,
    103,
    102,
    101,
    101,
    101,
    101,
    101,
    101,
    103,
    103,
    103,
    102,
    101,
    103,
    104,
    104,
    104,
    103,
    106
  ]
}