{
  "model": "shufflenet",
  "os": "debian",
  "runs": 50,
  "warmup": 1,
  "latencies_ms": [
    1296.2933259999545,
    1296.5217920000214,
    1285.08250699997,
    1289.778900999977,
    1287.5867640000251,
    1288.4057659999826,
    1294.8818090000032,
    1297.047023999994,
    1327.5623819999964,
    1293.2011429999193,
    1294.9239950000901,
    1291.8320879999783,
    1296.0000029999037,
    1290.1751950000744,
    1285.6486760000507,
    1296.651474999976,
    1290.2250700000195,
    1300.6743699999106,
    1289.2924399999401,
    1290.4038540000329,
    1295.5612819999942,
    1291.4021339998953,
    1300.741746999961,
    1297.204707999981,
    1297.9759650000915,
    1295.4945769999995,
    1299.276561000056,
    1296.2981069999842,
    1294.5788719999882,
    1309.0449529998978,
    1293.9934369999264,
    1306.8375149999838,
    1293.7410030000365,
    1310.6344880000051,
    1301.8210589999626,
    1318.9176920000136,
    1304.5821829999795,
    1295.2749180000183,
    1325.061106000021,
    1306.2691059999452,
    1293.3762400000433,
    1290.979376999985,
    1298.9846480001006,
    1858.204700999977,
    1299.2129840000644,
    1290.9608440000966,
    1292.2820759999922,
    1294.8775539999815,
    1294.0387910000481,
    1295.4124869999077
  ],
  "peak_rss_kb": 73864,
  "model_load_ms": 710.0455659999625
}
