{
  "model": "shufflenet",
  "os": "ubuntu",
  "runs": 50,
  "warmup": 5,
  "latencies_ms": [
    1400.5011610000793,
    1368.2292859999734,
    1369.1686270000218,
    1371.166895999977,
    1389.6176629999673,
    1351.0006340000018,
    1345.4794020000236,
    1359.455926999999,
    1339.655113000049,
    1370.6595319999906,
    1383.1239529999948,
    1392.9278739999518,
    1418.9808220000941,
    1350.2415909999854,
    1366.6284599999017,
    1400.1645419999704,
    1363.433420999968,
    1380.9896300000446,
    1386.3428170000134,
    1483.9971659999946,
    1423.739415,
    1358.9425960000199,
    1399.3126029999985,
    1383.1710770000427,
    1407.461006999938,
    1370.5515419999301,
    1431.0286119999773,
    1363.4157260000848,
    1344.47198700002,
    1404.3984070000306,
    1373.0144950000067,
    1373.1877339999983,
    1373.5413979999294,
    1372.6996269999745,
    1343.3395539999538,
    1397.7251699999442,
    1358.604315999969,
    1381.4929819999406,
    1436.7891189999682,
    1408.101835000025,
    1372.6837269999805,
    1369.0866370000094,
    1489.293760999999,
    1516.6422629999943,
    1461.0905170000024,
    1394.4258800000853,
    1354.2984219999425,
    1357.7344049999738,
    1368.8815890000114,
    1367.889468000044
  ],
  "peak_rss_kb": 66908,
  "model_load_ms": 1023.531303000027
}