{
  "model": "squeezenet",
  "os": "debian",
  "runs": 50,
  "warmup": 1,
  "latencies_ms": [
    3043.3978110000908,
    3007.4610699999766,
    3097.266015999935,
    3224.312108000049,
    3004.777204999982,
    3071.6203230000474,
    3843.559832999972,
    3101.2699650000286,
    3090.753470999971,
    2960.464977000015,
    2995.463029000007,
    2961.983379000003,
    2978.0122970000775,
    2996.644048999997,
    3055.9928610000497,
    3089.826253999945,
    3053.807129000006,
    3029.290807000052,
    3039.0999219999912,
    3029.559145999997,
    3018.4935780000615,
    3027.564155999926,
    3017.2607759999437,
    3008.9897660000133,
    3000.8559330000253,
    3012.796877000028,
    3088.5284869999623,
    3123.147375999906,
    3122.7699539999776,
    3127.1861410000383,
    3120.438404999959,
    3143.1011029999354,
    3144.2432009999948,
    3253.528928000037,
    3199.542578999967,
    3075.9242259999837,
    3012.5303990000702,
    2944.7091460000365,
    2904.4418210000913,
    2966.8365260000655,
    2947.858205999978,
    2939.8180000000593,
    2940.5298189999485,
    2940.998868999941,
    2931.057231000068,
    2918.4505730000865,
    2908.503358999951,
    2929.5561100000214,
    2917.585100999986,
    2912.429209000038
  ],
  "peak_rss_kb": 62792,
  "model_load_ms": 322.0229410000002
}
