{
  "model": "squeezenet",
  "os": "ubuntu",
  "runs": 50,
  "warmup": 5,
  "latencies_ms": [
    2989.517054999965,
    3001.237866999986,
    3054.5382740000377,
    2998.2625320000125,
    3111.706570000024,
    3049.1681839999956,
    2957.6359259999663,
    2934.139383999991,
    3018.0325219999986,
    2992.5206909999815,
    3093.4570469999016,
    3080.9755430000223,
    2994.3338920000997,
    3010.6697760001,
    3133.301829000061,
    2959.057193000035,
    3002.422700000011,
    3024.106065999945,
    2998.613774999967,
    3086.3333710000234,
    3042.409058999965,
    2991.0110030000396,
    2998.200648999955,
    2980.300457999988,
    3010.5476229999795,
    3002.4817879999546,
    2975.1943620000247,
    3079.556661999959,
    2999.8622660000365,
    3072.9075030000104,
    2984.227240999985,
    2904.5595170000524,
    2917.920067999944,
    2945.332148000034,
    2988.1194509999887,
    2937.4085270000023,
    3028.1177719999732,
    2920.0259550000283,
    2935.8913739999934,
    2930.740023999988,
    2987.4829120000186,
    2930.201468000064,
    2960.861641000065,
    2954.4545340000923,
    2993.76493200009,
    2957.435650999969,
    2979.9616489999607,
    2907.191832999956,
    2918.9301530000193,
    2924.61278899998
  ],
  "peak_rss_kb": 57892,
  "model_load_ms": 488.87322299992775
}