{
  "model": "squeezenet_nano.onnx",
  "iters": 50,
  "warmup": 3,
  "mean_us": 106,
  "median_us": 101,
  "p95_us": 137,
  "p99_us": 175,
  "min_us": 100,
  "max_us": 183,
  "stddev_us": 16.23612022621168,
  "cv_pct": 15.317094553029886,
  "arena_kb": 0,
  "params": 0,
  "status": "OK",
  "latencies_us": [
    104,
    101,
    100,
    101,
    101,
    100,
    100,
    101,
    101,
    100,
    101,
    101,
    102,
    101,
    101,
    100,
    101,
    101,
    100,
    101,
    100,
    100,
    100,
    100,
    101,
    101,
    100,
    101,
    102,
    100,
    101,
    101,
    100,
    101,
    100,
    100,
    101,
    101,
    100,
    100,
    121,
    183,
    168,
    109,
    105,
    112,
    139,
    136,
    105,
    105
  ]
}