{
  "model": "vgg_nano.onnx",
  "iters": 50,
  "warmup": 3,
  "mean_us": 848,
  "median_us": 841,
  "p95_us": 881,
  "p99_us": 956,
  "min_us": 831,
  "max_us": 966,
  "stddev_us": 24.510046919579732,
  "cv_pct": 2.8903357216485532,
  "arena_kb": 0,
  "params": 0,
  "status": "OK",
  "latencies_us": [
    835,
    846,
    831,
    837,
    849,
    834,
    832,
    831,
    834,
    839,
    838,
    886,
    966,
    843,
    855,
    842,
    845,
    848,
    841,
    845,
    852,
    849,
    840,
    852,
    848,
    850,
    838,
    844,
    839,
    842,
    842,
    946,
    864,
    839,
    838,
    841,
    831,
    833,
    835,
    833,
    857,
    840,
    840,
    855,
    852,
    843,
    837,
    840,
    838,
    877
  ]
}