{
  "1": {
    "table_size": 1,
    "mean_ns": 133.9383,
    "p99_ns": 167.0,
    "ns_per_entry": 133.9383
  },
  "4": {
    "table_size": 4,
    "mean_ns": 272.3632,
    "p99_ns": 334.0,
    "ns_per_entry": 68.0908
  },
  "8": {
    "table_size": 8,
    "mean_ns": 412.0591,
    "p99_ns": 500.0,
    "ns_per_entry": 51.5073875
  },
  "16": {
    "table_size": 16,
    "mean_ns": 701.5831,
    "p99_ns": 875.0,
    "ns_per_entry": 43.84894375
  },
  "32": {
    "table_size": 32,
    "mean_ns": 1234.4467,
    "p99_ns": 1459.0,
    "ns_per_entry": 38.576459375
  },
  "64": {
    "table_size": 64,
    "mean_ns": 2332.0796,
    "p99_ns": 2792.0,
    "ns_per_entry": 36.43874375
  }
}